"ctry","rgn","laua","n","lng","lat","ctrynm","rgnnm","lauanm"
"E92000001","E12000001","E06000001",3440,-1.22528165843023,54.6808900671512,"England","North East","Hartlepool"
"E92000001","E12000001","E06000002",5504,-1.22777163462936,54.555671587391,"England","North East","Middlesbrough"
"E92000001","E12000001","E06000003",5119,-1.06472678960735,54.572715229537,"England","North East","Redcar and Cleveland"
"E92000001","E12000001","E06000004",7170,-1.32139624811715,54.5668820748954,"England","North East","Stockton-on-Tees"
"E92000001","E12000001","E06000005",4308,-1.55038339879294,54.529947707753,"England","North East","Darlington"
"E92000001","E12000001","E06000047",20242,-1.6271311703883,54.7524251248394,"England","North East","County Durham"
"E92000001","E12000001","E06000057",16228,-1.79835440645797,55.1751265202736,"England","North East","Northumberland"
"E92000001","E12000001","E08000021",10315,-1.63256137159476,54.9870083308774,"England","North East","Newcastle upon Tyne"
"E92000001","E12000001","E08000022",7257,-1.50655704037481,55.0218969831886,"England","North East","North Tyneside"
"E92000001","E12000001","E08000023",4648,-1.44924987543029,54.9738006467298,"England","North East","South Tyneside"
"E92000001","E12000001","E08000024",9533,-1.43911753309556,54.8925928399245,"England","North East","Sunderland"
"E92000001","E12000001","E08000037",6963,-1.64481845871033,54.9437450817177,"England","North East","Gateshead"
"E92000001","E12000002","E06000006",4304,-2.72182855065056,53.3514062414033,"England","North West","Halton"
"E92000001","E12000002","E06000007",8295,-2.57849184183243,53.397445051959,"England","North West","Warrington"
"E92000001","E12000002","E06000008",5014,-2.47698591304348,53.7291578909055,"England","North West","Blackburn with Darwen"
"E92000001","E12000002","E06000009",5066,-3.03834195321753,53.8176535682985,"England","North West","Blackpool"
"E92000001","E12000002","E06000049",17639,-2.31230862288112,53.1970145960088,"England","North West","Cheshire East"
"E92000001","E12000002","E06000050",17239,-2.7908317289866,53.2342050500029,"England","North West","Cheshire West and Chester"
"E92000001","E12000002","E07000026",5563,-3.36145855419738,54.7128975737911,"England","North West","Allerdale"
"E92000001","E12000002","E07000027",2536,-3.21582933596215,54.1263421502366,"England","North West","Barrow-in-Furness"
"E92000001","E12000002","E07000028",4907,-2.89628942388425,54.9065999005502,"England","North West","Carlisle"
"E92000001","E12000002","E07000029",2970,-3.50238004713805,54.4719100306397,"England","North West","Copeland"
"E92000001","E12000002","E07000030",3098,-2.6699650697224,54.6451394448031,"England","North West","Eden"
"E92000001","E12000002","E07000031",5843,-2.86720547629642,54.288855270409,"England","North West","South Lakeland"
"E92000001","E12000002","E07000117",3457,-2.25096355279144,53.791836979462,"England","North West","Burnley"
"E92000001","E12000002","E07000118",4028,-2.64586968396226,53.6596619078947,"England","North West","Chorley"
"E92000001","E12000002","E07000119",3121,-2.96252098269785,53.7641822053829,"England","North West","Fylde"
"E92000001","E12000002","E07000120",2599,-2.38097819045787,53.759346804925,"England","North West","Hyndburn"
"E92000001","E12000002","E07000121",5497,-2.80806376314353,54.0658670409314,"England","North West","Lancaster"
"E92000001","E12000002","E07000122",4287,-2.19416611873105,53.8640782297644,"England","North West","Pendle"
"E92000001","E12000002","E07000123",6023,-2.70392630599369,53.7727905490619,"England","North West","Preston"
"E92000001","E12000002","E07000124",2651,-2.43955604187099,53.8491120162203,"England","North West","Ribble Valley"
"E92000001","E12000002","E07000125",3138,-2.25896285691523,53.6971003801785,"England","North West","Rossendale"
"E92000001","E12000002","E07000126",4218,-2.70205027714557,53.7144231100047,"England","North West","South Ribble"
"E92000001","E12000002","E07000127",3762,-2.83772049069644,53.5824056881978,"England","North West","West Lancashire"
"E92000001","E12000002","E07000128",3998,-2.95782994597299,53.8866174092046,"England","North West","Wyre"
"E92000001","E12000002","E08000001",9880,-2.44804012236842,53.577390134413,"England","North West","Bolton"
"E92000001","E12000002","E08000002",8626,-2.30332286076977,53.5701075355901,"England","North West","Bury"
"E92000001","E12000002","E08000003",26837,-2.23066068588143,53.4612754550061,"England","North West","Manchester"
"E92000001","E12000002","E08000004",7884,-2.10491862189244,53.543144608828,"England","North West","Oldham"
"E92000001","E12000002","E08000005",8058,-2.17198862397617,53.6001602436088,"England","North West","Rochdale"
"E92000001","E12000002","E08000006",12340,-2.33531367115073,53.4968953257699,"England","North West","Salford"
"E92000001","E12000002","E08000007",10460,-2.15350478604207,53.397765768738,"England","North West","Stockport"
"E92000001","E12000002","E08000008",8594,-2.09129318315104,53.4738693980684,"England","North West","Tameside"
"E92000001","E12000002","E08000009",11159,-2.33362559279505,53.4240031630074,"England","North West","Trafford"
"E92000001","E12000002","E08000010",10278,-2.58513075111889,53.5249120311345,"England","North West","Wigan"
"E92000001","E12000002","E08000011",4752,-2.84755919612795,53.4340633834175,"England","North West","Knowsley"
"E92000001","E12000002","E08000012",17646,-2.93857989861725,53.4063352620424,"England","North West","Liverpool"
"E92000001","E12000002","E08000013",6186,-2.71828744018752,53.4528524319431,"England","North West","St. Helens"
"E92000001","E12000002","E08000014",9643,-2.99878686871306,53.5393803607798,"England","North West","Sefton"
"E92000001","E12000002","E08000015",21081,-3.06113017812248,53.37938245828,"England","North West","Wirral"
"E92000001","E12000003","E06000010",8798,-0.341064243123437,53.7581955655831,"England","Yorkshire and The Humber","Kingston upon Hull, City of"
"E92000001","E12000003","E06000011",15395,-0.492659690354011,53.8695530878857,"England","Yorkshire and The Humber","East Riding of Yorkshire"
"E92000001","E12000003","E06000012",6027,-0.0971777731873237,53.5613909888834,"England","Yorkshire and The Humber","North East Lincolnshire"
"E92000001","E12000003","E06000013",5970,-0.607205198659966,53.5859989249581,"England","Yorkshire and The Humber","North Lincolnshire"
"E92000001","E12000003","E06000014",12728,-1.08293824151477,53.9655345644249,"England","Yorkshire and The Humber","York"
"E92000001","E12000003","E07000163",3323,-2.13070095847126,54.0028778263617,"England","Yorkshire and The Humber","Craven"
"E92000001","E12000003","E07000164",5616,-1.33353144551282,54.2676530708689,"England","Yorkshire and The Humber","Hambleton"
"E92000001","E12000003","E07000165",8002,-1.51590540789803,54.0333041833292,"England","Yorkshire and The Humber","Harrogate"
"E92000001","E12000003","E07000166",3046,-1.77911078923178,54.3826191982928,"England","Yorkshire and The Humber","Richmondshire"
"E92000001","E12000003","E07000167",3954,-0.86910026555387,54.1807539607992,"England","Yorkshire and The Humber","Ryedale"
"E92000001","E12000003","E07000168",4563,-0.485547333552487,54.3280628437432,"England","Yorkshire and The Humber","Scarborough"
"E92000001","E12000003","E07000169",4268,-1.12406213636364,53.7926845332709,"England","Yorkshire and The Humber","Selby"
"E92000001","E12000003","E08000016",8634,-1.46762489298124,53.5462556331943,"England","Yorkshire and The Humber","Barnsley"
"E92000001","E12000003","E08000017",10412,-1.11802809383404,53.5286917158087,"England","Yorkshire and The Humber","Doncaster"
"E92000001","E12000003","E08000018",9435,-1.31082662384738,53.4231579513513,"England","Yorkshire and The Humber","Rotherham"
"E92000001","E12000003","E08000019",19208,-1.46702954675135,53.3847962742607,"England","Yorkshire and The Humber","Sheffield"
"E92000001","E12000003","E08000032",20767,-1.80243874257235,53.8215225405692,"England","Yorkshire and The Humber","Bradford"
"E92000001","E12000003","E08000033",9571,-1.90140661780378,53.7174545241877,"England","Yorkshire and The Humber","Calderdale"
"E92000001","E12000003","E08000034",16362,-1.73394087874343,53.6554052263171,"England","Yorkshire and The Humber","Kirklees"
"E92000001","E12000003","E08000035",30359,-1.54923661210844,53.8127463440495,"England","Yorkshire and The Humber","Leeds"
"E92000001","E12000003","E08000036",12074,-1.426069629783,53.6758012358788,"England","Yorkshire and The Humber","Wakefield"
"E92000001","E12000004","E06000015",12032,-1.47192391373005,52.9127907017952,"England","East Midlands","Derby"
"E92000001","E12000004","E06000016",9496,-1.12505967997051,52.6359811274221,"England","East Midlands","Leicester"
"E92000001","E12000004","E06000017",1592,-0.679773412688442,52.6590817317839,"England","East Midlands","Rutland"
"E92000001","E12000004","E06000018",10392,-1.16879307438414,52.9611326220169,"England","East Midlands","Nottingham"
"E92000001","E12000004","E06000061",11495,-0.669453981731187,52.3803707959113,"England","East Midlands","North Northamptonshire"
"E92000001","E12000004","E06000062",15372,-0.967745003708041,52.2248618860916,"England","East Midlands","West Northamptonshire"
"E92000001","E12000004","E07000032",5023,-1.42454786641449,53.0377600923751,"England","East Midlands","Amber Valley"
"E92000001","E12000004","E07000033",2366,-1.27498058918005,53.2075750963652,"England","East Midlands","Bolsover"
"E92000001","E12000004","E07000034",3905,-1.42195117336748,53.2451613723431,"England","East Midlands","Chesterfield"
"E92000001","E12000004","E07000035",3427,-1.65808255091917,53.1534397087832,"England","East Midlands","Derbyshire Dales"
"E92000001","E12000004","E07000036",3425,-1.31549396321168,52.9326692230657,"England","East Midlands","Erewash"
"E92000001","E12000004","E07000037",5196,-1.94078655715935,53.3648825440724,"England","East Midlands","High Peak"
"E92000001","E12000004","E07000038",4206,-1.4176178913457,53.2478965209225,"England","East Midlands","North East Derbyshire"
"E92000001","E12000004","E07000039",3854,-1.54471172470161,52.8222336333679,"England","East Midlands","South Derbyshire"
"E92000001","E12000004","E07000129",4109,-1.20094944171331,52.5890105130202,"England","East Midlands","Blaby"
"E92000001","E12000004","E07000130",5498,-1.1676199883594,52.7381557077119,"England","East Midlands","Charnwood"
"E92000001","E12000004","E07000131",3446,-1.04234049854904,52.5123074619849,"England","East Midlands","Harborough"
"E92000001","E12000004","E07000132",3515,-1.35247086031294,52.5835876759602,"England","East Midlands","Hinckley and Bosworth"
"E92000001","E12000004","E07000133",1933,-0.87614370305225,52.7869674749095,"England","East Midlands","Melton"
"E92000001","E12000004","E07000134",4773,-1.40039974628116,52.7454898803687,"England","East Midlands","North West Leicestershire"
"E92000001","E12000004","E07000135",2198,-1.10309926751592,52.587382144222,"England","East Midlands","Oadby and Wigston"
"E92000001","E12000004","E07000136",2612,-0.0285253859111792,52.9701145930322,"England","East Midlands","Boston"
"E92000001","E12000004","E07000137",6400,0.0802641103125,53.2502767457812,"England","East Midlands","East Lindsey"
"E92000001","E12000004","E07000138",3846,-0.548647937077483,53.225659575663,"England","East Midlands","Lincoln"
"E92000001","E12000004","E07000139",3817,-0.476148298663872,53.100905462667,"England","East Midlands","North Kesteven"
"E92000001","E12000004","E07000140",3324,-0.0785440658844765,52.7897409774368,"England","East Midlands","South Holland"
"E92000001","E12000004","E07000141",5161,-0.527887375508622,52.8213800728541,"England","East Midlands","South Kesteven"
"E92000001","E12000004","E07000142",4001,-0.538674595351162,53.3809990657336,"England","East Midlands","West Lindsey"
"E92000001","E12000004","E07000170",3212,-1.24879155012453,53.0871782154421,"England","East Midlands","Ashfield"
"E92000001","E12000004","E07000171",4691,-1.022595516521,53.3318838669793,"England","East Midlands","Bassetlaw"
"E92000001","E12000004","E07000172",3403,-1.24990836085807,52.9549289861887,"England","East Midlands","Broxtowe"
"E92000001","E12000004","E07000173",3486,-1.1089837885829,52.9970334747562,"England","East Midlands","Gedling"
"E92000001","E12000004","E07000174",3364,-1.18509769203329,53.1545936093936,"England","East Midlands","Mansfield"
"E92000001","E12000004","E07000175",4192,-0.900595688931298,53.1046433046279,"England","East Midlands","Newark and Sherwood"
"E92000001","E12000004","E07000176",3204,-1.07530070942572,52.9102373995006,"England","East Midlands","Rushcliffe"
"E92000001","E12000005","E06000019",8339,-2.69637357884638,52.0734405503058,"England","West Midlands","Herefordshire, County of"
"E92000001","E12000005","E06000020",7605,-2.46113370532544,52.6902810092045,"England","West Midlands","Telford and Wrekin"
"E92000001","E12000005","E06000021",8873,-2.16658387794433,53.0156807210639,"England","West Midlands","Stoke-on-Trent"
"E92000001","E12000005","E06000051",15268,-2.71875385079906,52.6905162990569,"England","West Midlands","Shropshire"
"E92000001","E12000005","E07000192",4007,-1.99406094509608,52.7074097100075,"England","West Midlands","Cannock Chase"
"E92000001","E12000005","E07000193",3833,-1.71153618992956,52.835218828072,"England","West Midlands","East Staffordshire"
"E92000001","E12000005","E07000194",4047,-1.84153982110205,52.6832706792686,"England","West Midlands","Lichfield"
"E92000001","E12000005","E07000195",4141,-2.25712624414393,53.0248736179667,"England","West Midlands","Newcastle-under-Lyme"
"E92000001","E12000005","E07000196",3454,-2.15444468326578,52.6109928057325,"England","West Midlands","South Staffordshire"
"E92000001","E12000005","E07000197",4915,-2.1354302439471,52.8343894687691,"England","West Midlands","Stafford"
"E92000001","E12000005","E07000198",3529,-2.03992653102862,53.0666182363276,"England","West Midlands","Staffordshire Moorlands"
"E92000001","E12000005","E07000199",2172,-1.6805673485267,52.6261183581952,"England","West Midlands","Tamworth"
"E92000001","E12000005","E07000218",2413,-1.62423392457522,52.5537242018235,"England","West Midlands","North Warwickshire"
"E92000001","E12000005","E07000219",3371,-1.47510901067932,52.5069038086621,"England","West Midlands","Nuneaton and Bedworth"
"E92000001","E12000005","E07000220",3501,-1.28193916195373,52.375067335904,"England","West Midlands","Rugby"
"E92000001","E12000005","E07000221",6542,-1.64765617517579,52.1995721719658,"England","West Midlands","Stratford-on-Avon"
"E92000001","E12000005","E07000222",5997,-1.56207908170752,52.2980028774387,"England","West Midlands","Warwick"
"E92000001","E12000005","E07000234",3466,-2.02950602163878,52.355307465955,"England","West Midlands","Bromsgrove"
"E92000001","E12000005","E07000235",3302,-2.32840172350091,52.1515312531799,"England","West Midlands","Malvern Hills"
"E92000001","E12000005","E07000236",2508,-1.93538262121212,52.3007722655502,"England","West Midlands","Redditch"
"E92000001","E12000005","E07000237",3926,-2.20939235048395,52.1986436818645,"England","West Midlands","Worcester"
"E92000001","E12000005","E07000238",5620,-2.03372077811388,52.1518313323843,"England","West Midlands","Wychavon"
"E92000001","E12000005","E07000239",4272,-2.26474629307116,52.3754260669476,"England","West Midlands","Wyre Forest"
"E92000001","E12000005","E08000025",34606,-1.8850556348899,52.4807589057389,"England","West Midlands","Birmingham"
"E92000001","E12000005","E08000026",9199,-1.50624178845527,52.4128382967714,"England","West Midlands","Coventry"
"E92000001","E12000005","E08000027",9955,-2.10994582250126,52.4848480169764,"England","West Midlands","Dudley"
"E92000001","E12000005","E08000028",9489,-2.0094067254716,52.5119979415112,"England","West Midlands","Sandwell"
"E92000001","E12000005","E08000029",6560,-1.77132064557927,52.4238734056402,"England","West Midlands","Solihull"
"E92000001","E12000005","E08000030",7503,-1.98112066386779,52.5955196000267,"England","West Midlands","Walsall"
"E92000001","E12000005","E08000031",8704,-2.1190845658318,52.5879475150506,"England","West Midlands","Wolverhampton"
"E92000001","E12000006","E06000031",7259,-0.268045191899711,52.5874941782615,"England","East of England","Peterborough"
"E92000001","E12000006","E06000032",5200,-0.430157145384615,51.8915299342308,"England","East of England","Luton"
"E92000001","E12000006","E06000033",5889,0.70289455815928,51.5461627050433,"England","East of England","Southend-on-Sea"
"E92000001","E12000006","E06000034",4924,0.339596654955321,51.4948633779448,"England","East of England","Thurrock"
"E92000001","E12000006","E06000055",6805,-0.472843844379133,52.1443346113152,"England","East of England","Bedford"
"E92000001","E12000006","E06000056",9850,-0.474315785888325,51.9796762056853,"England","East of England","Central Bedfordshire"
"E92000001","E12000006","E07000008",5899,0.137180138667571,52.2021084983896,"England","East of England","Cambridge"
"E92000001","E12000006","E07000009",2927,0.290516462589682,52.3435236118893,"England","East of England","East Cambridgeshire"
"E92000001","E12000006","E07000010",3697,0.0793556348390587,52.5869175758723,"England","East of England","Fenland"
"E92000001","E12000006","E07000011",10556,-0.187007599564229,52.3362737420424,"England","East of England","Huntingdonshire"
"E92000001","E12000006","E07000012",7849,0.0836351271499554,52.1939411600204,"England","East of England","South Cambridgeshire"
"E92000001","E12000006","E07000066",6085,0.46538117419885,51.5901082438784,"England","East of England","Basildon"
"E92000001","E12000006","E07000067",6978,0.591118421467469,51.888167305675,"England","East of England","Braintree"
"E92000001","E12000006","E07000068",3191,0.317305064556565,51.6307714907553,"England","East of England","Brentwood"
"E92000001","E12000006","E07000069",2767,0.583023580411999,51.5456388500181,"England","East of England","Castle Point"
"E92000001","E12000006","E07000070",6662,0.493611592464725,51.7256097160012,"England","East of England","Chelmsford"
"E92000001","E12000006","E07000071",7500,0.8820391596,51.8791734533333,"England","East of England","Colchester"
"E92000001","E12000006","E07000072",5023,0.098170315548477,51.6816472699582,"England","East of England","Epping Forest"
"E92000001","E12000006","E07000073",2817,0.104179169329073,51.7680176680866,"England","East of England","Harlow"
"E92000001","E12000006","E07000074",2830,0.731299903533569,51.7122231204947,"England","East of England","Maldon"
"E92000001","E12000006","E07000075",2865,0.66354489947644,51.5914968118674,"England","East of England","Rochford"
"E92000001","E12000006","E07000076",5828,1.14699466420728,51.8486938337337,"England","East of England","Tendring"
"E92000001","E12000006","E07000077",3774,0.267618013513513,51.9362658895072,"England","East of England","Uttlesford"
"E92000001","E12000006","E07000095",3821,-0.0295402664224025,51.7240070939545,"England","East of England","Broxbourne"
"E92000001","E12000006","E07000096",6227,-0.511705655371768,51.7609918455115,"England","East of England","Dacorum"
"E92000001","E12000006","E07000098",5674,-0.292804240042298,51.6653750068735,"England","East of England","Hertsmere"
"E92000001","E12000006","E07000099",5674,-0.201978626365879,51.9695609732111,"England","East of England","North Hertfordshire"
"E92000001","E12000006","E07000102",4477,-0.445826274514184,51.647059207505,"England","East of England","Three Rivers"
"E92000001","E12000006","E07000103",6778,-0.405062643405134,51.6624315711124,"England","East of England","Watford"
"E92000001","E12000006","E07000143",5287,0.867990446188765,52.5811041880083,"England","East of England","Breckland"
"E92000001","E12000006","E07000144",5526,1.32071254650742,52.6737782352515,"England","East of England","Broadland"
"E92000001","E12000006","E07000145",3299,1.70748594361928,52.6133914064868,"England","East of England","Great Yarmouth"
"E92000001","E12000006","E07000146",6042,0.438979450513075,52.7393116501159,"England","East of England","King's Lynn and West Norfolk"
"E92000001","E12000006","E07000147",5179,1.21054846089979,52.8532568806719,"England","East of England","North Norfolk"
"E92000001","E12000006","E07000148",4113,1.28442512934598,52.6322929236567,"England","East of England","Norwich"
"E92000001","E12000006","E07000149",5772,1.22724021500346,52.5121665635828,"England","East of England","South Norfolk"
"E92000001","E12000006","E07000200",4538,0.881327285808726,52.0389418741736,"England","East of England","Babergh"
"E92000001","E12000006","E07000202",4873,1.15569017976606,52.0551115610507,"England","East of England","Ipswich"
"E92000001","E12000006","E07000203",4497,1.0529672357127,52.2218634260618,"England","East of England","Mid Suffolk"
"E92000001","E12000006","E07000240",6692,-0.330206066796175,51.7657717356545,"England","East of England","St Albans"
"E92000001","E12000006","E07000241",4741,-0.202205628981228,51.7815154577093,"England","East of England","Welwyn Hatfield"
"E92000001","E12000006","E07000242",6643,0.0184378557880476,51.8401202396508,"England","East of England","East Hertfordshire"
"E92000001","E12000006","E07000243",2943,-0.19174196941896,51.9034544393476,"England","East of England","Stevenage"
"E92000001","E12000006","E07000244",11329,1.47586942007238,52.2316778978727,"England","East of England","East Suffolk"
"E92000001","E12000006","E07000245",7002,0.595954730219937,52.2503434444444,"England","East of England","West Suffolk"
"E92000001","E12000007","E09000001",6803,-0.091428324415699,51.5142920439512,"England","London","City of London"
"E92000001","E12000007","E09000002",4615,0.124792289274106,51.5463031445287,"England","London","Barking and Dagenham"
"E92000001","E12000007","E09000003",16304,-0.207854445350834,51.6054396481845,"England","London","Barnet"
"E92000001","E12000007","E09000004",6464,0.136407573638614,51.4592743205446,"England","London","Bexley"
"E92000001","E12000007","E09000005",10684,-0.25729354417821,51.5516080819918,"England","London","Brent"
"E92000001","E12000007","E09000006",11409,0.0262051773161539,51.3918029095451,"England","London","Bromley"
"E92000001","E12000007","E09000007",16148,-0.143316309078524,51.5344670142432,"England","London","Camden"
"E92000001","E12000007","E09000008",13334,-0.0966767756862157,51.3682734486276,"England","London","Croydon"
"E92000001","E12000007","E09000009",11610,-0.324970021274763,51.5180207024979,"England","London","Ealing"
"E92000001","E12000007","E09000010",10007,-0.0828778024382932,51.6397979325472,"England","London","Enfield"
"E92000001","E12000007","E09000011",7883,0.0516354536344031,51.4767217805404,"England","London","Greenwich"
"E92000001","E12000007","E09000012",6955,-0.0696881045291157,51.5497365627606,"England","London","Hackney"
"E92000001","E12000007","E09000013",7253,-0.216497473597132,51.4921033291052,"England","London","Hammersmith and Fulham"
"E92000001","E12000007","E09000014",7951,-0.105757515909948,51.5898202456295,"England","London","Haringey"
"E92000001","E12000007","E09000015",8715,-0.338058681239243,51.5917946883534,"England","London","Harrow"
"E92000001","E12000007","E09000016",7945,0.203304438892385,51.5705814590308,"England","London","Havering"
"E92000001","E12000007","E09000017",10528,-0.438175023271277,51.5377282878989,"England","London","Hillingdon"
"E92000001","E12000007","E09000018",9307,-0.346792805200387,51.4714232423982,"England","London","Hounslow"
"E92000001","E12000007","E09000019",13433,-0.108899949527284,51.5390280049133,"England","London","Islington"
"E92000001","E12000007","E09000020",8556,-0.187373743104254,51.4984916472651,"England","London","Kensington and Chelsea"
"E92000001","E12000007","E09000021",5938,-0.28726078848097,51.3979442627147,"England","London","Kingston upon Thames"
"E92000001","E12000007","E09000022",10601,-0.120418599943402,51.4576193363834,"England","London","Lambeth"
"E92000001","E12000007","E09000023",8469,-0.0249313476207344,51.4527480484119,"England","London","Lewisham"
"E92000001","E12000007","E09000024",5961,-0.196371914443885,51.4111868263714,"England","London","Merton"
"E92000001","E12000007","E09000025",7444,0.0304874512358947,51.531246043525,"England","London","Newham"
"E92000001","E12000007","E09000026",7825,0.0666536067731629,51.5790853840256,"England","London","Redbridge"
"E92000001","E12000007","E09000027",7964,-0.316862982923154,51.4490643641386,"England","London","Richmond upon Thames"
"E92000001","E12000007","E09000028",12442,-0.0786558070245941,51.4834542538177,"England","London","Southwark"
"E92000001","E12000007","E09000029",6040,-0.181842014403974,51.3642499013245,"England","London","Sutton"
"E92000001","E12000007","E09000030",10455,-0.0434695099952176,51.5178500895265,"England","London","Tower Hamlets"
"E92000001","E12000007","E09000031",6709,-0.00947290773587718,51.5880114474586,"England","London","Waltham Forest"
"E92000001","E12000007","E09000032",10704,-0.176617737481315,51.4558999142377,"England","London","Wandsworth"
"E92000001","E12000007","E09000033",31071,-0.148664849763445,51.5131977197387,"England","London","Westminster"
"E92000001","E12000008","E06000035",8458,0.538508215653819,51.3811863049184,"England","South East","Medway"
"E92000001","E12000008","E06000036",6706,-0.761089858783179,51.4014526951983,"England","South East","Bracknell Forest"
"E92000001","E12000008","E06000037",10479,-1.26001042007825,51.4273576209562,"England","South East","West Berkshire"
"E92000001","E12000008","E06000038",8514,-0.983651328752643,51.4539382090674,"England","South East","Reading"
"E92000001","E12000008","E06000039",4868,-0.59211369494659,51.5111608280608,"England","South East","Slough"
"E92000001","E12000008","E06000040",7105,-0.68029327895848,51.4874070850106,"England","South East","Windsor and Maidenhead"
"E92000001","E12000008","E06000041",8827,-0.875273395604396,51.4224135239606,"England","South East","Wokingham"
"E92000001","E12000008","E06000042",12129,-0.750982317750845,52.039102805425,"England","South East","Milton Keynes"
"E92000001","E12000008","E06000043",10414,-0.14801444363357,50.8321819737853,"England","South East","Brighton and Hove"
"E92000001","E12000008","E06000044",6499,-1.07711959963071,50.8098574886906,"England","South East","Portsmouth"
"E92000001","E12000008","E06000045",14305,-1.39860913638588,50.9175459025516,"England","South East","Southampton"
"E92000001","E12000008","E06000046",6361,-1.25688238657444,50.6882929075617,"England","South East","Isle of Wight"
"E92000001","E12000008","E06000060",24320,-0.742339893503289,51.7078476101563,"England","South East","Buckinghamshire"
"E92000001","E12000008","E07000061",4028,0.28355382571996,50.7798038133068,"England","South East","Eastbourne"
"E92000001","E12000008","E07000062",3131,0.566159654423507,50.8655730146918,"England","South East","Hastings"
"E92000001","E12000008","E07000063",5011,0.0312153871482738,50.8322094621832,"England","South East","Lewes"
"E92000001","E12000008","E07000064",4245,0.519725606360424,50.9123892694935,"England","South East","Rother"
"E92000001","E12000008","E07000065",8096,0.206844682559289,50.9475302230731,"England","South East","Wealden"
"E92000001","E12000008","E07000084",8646,-1.14626987092297,51.2868565268332,"England","South East","Basingstoke and Deane"
"E92000001","E12000008","E07000085",5601,-0.929120564720586,51.0705879700054,"England","South East","East Hampshire"
"E92000001","E12000008","E07000086",7700,-1.34124985,50.9490871605195,"England","South East","Eastleigh"
"E92000001","E12000008","E07000087",5276,-1.22234345792267,50.8535697680061,"England","South East","Fareham"
"E92000001","E12000008","E07000088",2344,-1.15680017619454,50.8037249837884,"England","South East","Gosport"
"E92000001","E12000008","E07000089",5637,-0.864606385488735,51.2878891555792,"England","South East","Hart"
"E92000001","E12000008","E07000090",4262,-0.997147561708118,50.8573883655561,"England","South East","Havant"
"E92000001","E12000008","E07000091",10739,-1.55901777679486,50.8372713654903,"England","South East","New Forest"
"E92000001","E12000008","E07000092",3520,-0.760256515056818,51.2721637619318,"England","South East","Rushmoor"
"E92000001","E12000008","E07000093",6275,-1.49025678199203,51.0971990752191,"England","South East","Test Valley"
"E92000001","E12000008","E07000094",6196,-1.24978677356359,51.0174609367334,"England","South East","Winchester"
"E92000001","E12000008","E07000105",5837,0.837508015932842,51.1352237601508,"England","South East","Ashford"
"E92000001","E12000008","E07000106",6062,1.08830613048499,51.3130618959089,"England","South East","Canterbury"
"E92000001","E12000008","E07000107",3454,0.241235932252461,51.4386943465547,"England","South East","Dartford"
"E92000001","E12000008","E07000108",4875,1.31779367671795,51.1923694756923,"England","South East","Dover"
"E92000001","E12000008","E07000109",3066,0.374224308871494,51.424585776908,"England","South East","Gravesham"
"E92000001","E12000008","E07000110",7058,0.543051733635591,51.2505780531312,"England","South East","Maidstone"
"E92000001","E12000008","E07000111",5393,0.174609864453922,51.2918099096978,"England","South East","Sevenoaks"
"E92000001","E12000008","E07000112",4807,1.09160505242355,51.0677307195756,"England","South East","Folkestone and Hythe"
"E92000001","E12000008","E07000113",5205,0.789042902017291,51.3538271771374,"England","South East","Swale"
"E92000001","E12000008","E07000114",5257,1.38876073026441,51.3630466676812,"England","South East","Thanet"
"E92000001","E12000008","E07000115",5493,0.361403658838522,51.2606828397961,"England","South East","Tonbridge and Malling"
"E92000001","E12000008","E07000116",5483,0.343391982126573,51.1308293122378,"England","South East","Tunbridge Wells"
"E92000001","E12000008","E07000177",9028,-1.26368325443066,51.9653448291981,"England","South East","Cherwell"
"E92000001","E12000008","E07000178",6647,-1.23626671370543,51.7470994636678,"England","South East","Oxford"
"E92000001","E12000008","E07000179",8814,-1.06889552564103,51.6253113266394,"England","South East","South Oxfordshire"
"E92000001","E12000008","E07000180",5611,-1.37420538798788,51.6497616774194,"England","South East","Vale of White Horse"
"E92000001","E12000008","E07000181",8119,-1.49137224103954,51.811875358049,"England","South East","West Oxfordshire"
"E92000001","E12000008","E07000207",6453,-0.397050838214784,51.3714976316442,"England","South East","Elmbridge"
"E92000001","E12000008","E07000208",2843,-0.26177623883222,51.343065345058,"England","South East","Epsom and Ewell"
"E92000001","E12000008","E07000209",6924,-0.57675963084922,51.2483679584055,"England","South East","Guildford"
"E92000001","E12000008","E07000210",4680,-0.328385334188034,51.257416967735,"England","South East","Mole Valley"
"E92000001","E12000008","E07000211",6201,-0.188785866795678,51.2495360964361,"England","South East","Reigate and Banstead"
"E92000001","E12000008","E07000212",4010,-0.524896806733167,51.3991732763092,"England","South East","Runnymede"
"E92000001","E12000008","E07000213",3761,-0.457602759904281,51.4228182073916,"England","South East","Spelthorne"
"E92000001","E12000008","E07000214",4173,-0.71401053726336,51.3334308670022,"England","South East","Surrey Heath"
"E92000001","E12000008","E07000215",3372,-0.0522464724199288,51.2559206414591,"England","South East","Tandridge"
"E92000001","E12000008","E07000216",6358,-0.680400778703995,51.1699402651777,"England","South East","Waverley"
"E92000001","E12000008","E07000217",4459,-0.560149913657771,51.3190401637138,"England","South East","Woking"
"E92000001","E12000008","E07000223",3063,-0.285421001632387,50.8330118772445,"England","South East","Adur"
"E92000001","E12000008","E07000224",6596,-0.597090095664039,50.8088024804427,"England","South East","Arun"
"E92000001","E12000008","E07000225",7277,-0.767208477257111,50.873956098667,"England","South East","Chichester"
"E92000001","E12000008","E07000226",4455,-0.18375482671156,51.1180949180696,"England","South East","Crawley"
"E92000001","E12000008","E07000227",6649,-0.357209510603098,51.0098816228004,"England","South East","Horsham"
"E92000001","E12000008","E07000228",6596,-0.0972369639175258,51.0251405692844,"England","South East","Mid Sussex"
"E92000001","E12000008","E07000229",4529,-0.389019942812983,50.8200858012806,"England","South East","Worthing"
"E92000001","E12000009","E06000022",9801,-2.43740094602592,51.3641105719825,"England","South West","Bath and North East Somerset"
"E92000001","E12000009","E06000023",17618,-2.58743411522307,51.4605432730162,"England","South West","Bristol, City of"
"E92000001","E12000009","E06000024",10777,-2.83235582082212,51.3925786986174,"England","South West","North Somerset"
"E92000001","E12000009","E06000025",13443,-2.49974144997396,51.5178975045749,"England","South West","South Gloucestershire"
"E92000001","E12000009","E06000026",9012,-4.12290618519751,50.3858844521749,"England","South West","Plymouth"
"E92000001","E12000009","E06000027",5322,-3.54596681097332,50.4480318613303,"England","South West","Torbay"
"E92000001","E12000009","E06000030",9160,-1.78089789825328,51.5683157318777,"England","South West","Swindon"
"E92000001","E12000009","E06000052",27084,-4.95200462981834,50.3285915392852,"England","South West","Cornwall"
"E92000001","E12000009","E06000053",111,-6.3145352972973,49.924410027027,"England","South West","Isles of Scilly"
"E92000001","E12000009","E06000054",22535,-1.99143555007766,51.3123074839139,"England","South West","Wiltshire"
"E92000001","E12000009","E06000058",14519,-1.88512691879606,50.7358118064605,"England","South West","Bournemouth, Christchurch and Poole"
"E92000001","E12000009","E06000059",16905,-2.28631528559598,50.7811437671103,"England","South West","Dorset"
"E92000001","E12000009","E07000040",8125,-3.24965688726154,50.7277225664,"England","South West","East Devon"
"E92000001","E12000009","E07000041",5464,-3.5153681147511,50.7219061950952,"England","South West","Exeter"
"E92000001","E12000009","E07000042",4043,-3.51905117932229,50.870120001484,"England","South West","Mid Devon"
"E92000001","E12000009","E07000043",4655,-4.02364327110634,51.0922743984962,"England","South West","North Devon"
"E92000001","E12000009","E07000044",4954,-3.7989383447719,50.3618213532499,"England","South West","South Hams"
"E92000001","E12000009","E07000045",5890,-3.59342168794567,50.5678893512733,"England","South West","Teignbridge"
"E92000001","E12000009","E07000046",3214,-4.22543670970753,50.9374629128811,"England","South West","Torridge"
"E92000001","E12000009","E07000047",3016,-4.06687737334217,50.6375752171751,"England","South West","West Devon"
"E92000001","E12000009","E07000078",5742,-2.08392758585859,51.8984641243469,"England","South West","Cheltenham"
"E92000001","E12000009","E07000079",4524,-1.87721191158267,51.8097191973917,"England","South West","Cotswold"
"E92000001","E12000009","E07000080",4217,-2.52363247640503,51.8053661619635,"England","South West","Forest of Dean"
"E92000001","E12000009","E07000081",5336,-2.23732989130435,51.8488442290105,"England","South West","Gloucester"
"E92000001","E12000009","E07000082",5218,-2.26897401379839,51.7303361188195,"England","South West","Stroud"
"E92000001","E12000009","E07000083",3918,-2.12318752909648,51.9321468606432,"England","South West","Tewkesbury"
"E92000001","E12000009","E07000187",5631,-2.53339975794708,51.2027753827029,"England","South West","Mendip"
"E92000001","E12000009","E07000188",4914,-2.95733286630037,51.1794046929182,"England","South West","Sedgemoor"
"E92000001","E12000009","E07000189",7599,-2.70877487998421,50.9671961215949,"England","South West","South Somerset"
"E92000001","E12000009","E07000246",7015,-3.22695516307912,51.0579087519601,"England","South West","Somerset West and Taunton"
"L93000001","L99999999","L99999999",7008,0,99.999999,"Channel Islands","(pseudo) Channel Islands",NA
"M83000003","M99999999","M99999999",6071,0,99.999999,"Isle of Man","(pseudo) Isle of Man",NA
"N92000002","N99999999","N09000001",4208,-6.05309958673954,54.6982788859316,"Northern Ireland","(pseudo) Northern Ireland","Antrim and Newtownabbey"
"N92000002","N99999999","N09000002",6008,-6.42016720206392,54.3851853020972,"Northern Ireland","(pseudo) Northern Ireland","Armagh City, Banbridge and Craigavon"
"N92000002","N99999999","N09000003",10647,-5.93312070029116,54.5932888353527,"Northern Ireland","(pseudo) Northern Ireland","Belfast"
"N92000002","N99999999","N09000004",4434,-6.62818253428056,55.0970647801083,"Northern Ireland","(pseudo) Northern Ireland","Causeway Coast and Glens"
"N92000002","N99999999","N09000005",4341,-7.34697132020272,54.92917752868,"Northern Ireland","(pseudo) Northern Ireland","Derry City and Strabane"
"N92000002","N99999999","N09000006",6718,-7.50670628326883,54.4149390461447,"Northern Ireland","(pseudo) Northern Ireland","Fermanagh and Omagh"
"N92000002","N99999999","N09000007",4469,-5.98899757014992,54.5296063271425,"Northern Ireland","(pseudo) Northern Ireland","Lisburn and Castlereagh"
"N92000002","N99999999","N09000008",3850,-6.04553638727273,54.8324604503896,"Northern Ireland","(pseudo) Northern Ireland","Mid and East Antrim"
"N92000002","N99999999","N09000009",4385,-6.74993260889396,54.6247294093501,"Northern Ireland","(pseudo) Northern Ireland","Mid Ulster"
"N92000002","N99999999","N09000010",5266,-6.07579960596278,54.2328834749335,"Northern Ireland","(pseudo) Northern Ireland","Newry, Mourne and Down"
"N92000002","N99999999","N09000011",5486,-5.66669913124316,54.6073059795844,"Northern Ireland","(pseudo) Northern Ireland","Ards and North Down"
"S92000003","S99999999","S12000005",1603,-3.77704811228946,56.1335606026201,"Scotland","(pseudo) Scotland","Clackmannanshire"
"S92000003","S99999999","S12000006",7909,-3.86697015893286,55.0236341818182,"Scotland","(pseudo) Scotland","Dumfries and Galloway"
"S92000003","S99999999","S12000008",4798,-4.42469051875782,55.5665635487703,"Scotland","(pseudo) Scotland","East Ayrshire"
"S92000003","S99999999","S12000010",3662,-2.85688899153468,55.968263153195,"Scotland","(pseudo) Scotland","East Lothian"
"S92000003","S99999999","S12000011",3182,-4.33037589126336,55.7875485226273,"Scotland","(pseudo) Scotland","East Renfrewshire"
"S92000003","S99999999","S12000013",2016,-6.7015309484127,57.9777317728175,"Scotland","(pseudo) Scotland","Na h-Eileanan Siar"
"S92000003","S99999999","S12000014",5139,-3.77674710858144,56.0054565072971,"Scotland","(pseudo) Scotland","Falkirk"
"S92000003","S99999999","S12000017",10318,-4.36400302888157,57.5748485146346,"Scotland","(pseudo) Scotland","Highland"
"S92000003","S99999999","S12000018",3033,-4.75162765875371,55.9356270174744,"Scotland","(pseudo) Scotland","Inverclyde"
"S92000003","S99999999","S12000019",3456,-3.1094711015625,55.8667998342014,"Scotland","(pseudo) Scotland","Midlothian"
"S92000003","S99999999","S12000020",6700,-3.19289401865672,57.6134659946269,"Scotland","(pseudo) Scotland","Moray"
"S92000003","S99999999","S12000021",5070,-4.75335232642998,55.6708626672584,"Scotland","(pseudo) Scotland","North Ayrshire"
"S92000003","S99999999","S12000023",840,-3.03309682142857,58.9914661428571,"Scotland","(pseudo) Scotland","Orkney Islands"
"S92000003","S99999999","S12000026",5235,-2.69621948118434,55.6032306273161,"Scotland","(pseudo) Scotland","Scottish Borders"
"S92000003","S99999999","S12000027",752,-1.19860572207447,60.2193543178191,"Scotland","(pseudo) Scotland","Shetland Islands"
"S92000003","S99999999","S12000028",4512,-4.64013496276596,55.446937185727,"Scotland","(pseudo) Scotland","South Ayrshire"
"S92000003","S99999999","S12000029",10722,-4.04716716032457,55.7545236599515,"Scotland","(pseudo) Scotland","South Lanarkshire"
"S92000003","S99999999","S12000030",3770,-4.04497957453581,56.1333419169761,"Scotland","(pseudo) Scotland","Stirling"
"S92000003","S99999999","S12000033",14454,-2.13313390770721,57.1495456259859,"Scotland","(pseudo) Scotland","Aberdeen City"
"S92000003","S99999999","S12000034",21573,-2.32225794432856,57.3531201159783,"Scotland","(pseudo) Scotland","Aberdeenshire"
"S92000003","S99999999","S12000035",4177,-5.2131968853244,56.0338433452238,"Scotland","(pseudo) Scotland","Argyll and Bute"
"S92000003","S99999999","S12000036",19298,-3.21542890138875,55.9444458254223,"Scotland","(pseudo) Scotland","City of Edinburgh"
"S92000003","S99999999","S12000038",6321,-4.45740543901281,55.8507719946211,"Scotland","(pseudo) Scotland","Renfrewshire"
"S92000003","S99999999","S12000039",3098,-4.49474577630729,55.9422441097482,"Scotland","(pseudo) Scotland","West Dunbartonshire"
"S92000003","S99999999","S12000040",5228,-3.57849318993879,55.8996854364958,"Scotland","(pseudo) Scotland","West Lothian"
"S92000003","S99999999","S12000041",4603,-2.7490593445579,56.6195074799044,"Scotland","(pseudo) Scotland","Angus"
"S92000003","S99999999","S12000042",6200,-2.96683639209677,56.4734864409677,"Scotland","(pseudo) Scotland","Dundee City"
"S92000003","S99999999","S12000045",4305,-4.23221538583043,55.9314617186992,"Scotland","(pseudo) Scotland","East Dunbartonshire"
"S92000003","S99999999","S12000047",12859,-3.19406013764678,56.1665966674703,"Scotland","(pseudo) Scotland","Fife"
"S92000003","S99999999","S12000048",6991,-3.50768936361036,56.4221119280503,"Scotland","(pseudo) Scotland","Perth and Kinross"
"S92000003","S99999999","S12000049",25699,-4.26230355200591,55.8592810935445,"Scotland","(pseudo) Scotland","Glasgow City"
"S92000003","S99999999","S12000050",9879,-3.99057590312785,55.8558504741371,"Scotland","(pseudo) Scotland","North Lanarkshire"
"W92000004","W99999999","W06000001",3240,-4.38319439104938,53.28615795,"Wales","(pseudo) Wales","Isle of Anglesey"
"W92000004","W99999999","W06000002",6532,-4.1406508698714,52.9696856050214,"Wales","(pseudo) Wales","Gwynedd"
"W92000004","W99999999","W06000003",4977,-3.74977451898734,53.2612399879445,"Wales","(pseudo) Wales","Conwy"
"W92000004","W99999999","W06000004",4325,-3.3988640934104,53.2138660272832,"Wales","(pseudo) Wales","Denbighshire"
"W92000004","W99999999","W06000005",5437,-3.11100837299982,53.2037200071731,"Wales","(pseudo) Wales","Flintshire"
"W92000004","W99999999","W06000006",5241,-3.00582672734211,53.0355263676779,"Wales","(pseudo) Wales","Wrexham"
"W92000004","W99999999","W06000008",3759,-4.2149969414738,52.2377792976856,"Wales","(pseudo) Wales","Ceredigion"
"W92000004","W99999999","W06000009",5830,-4.90228029382504,51.7978691288165,"Wales","(pseudo) Wales","Pembrokeshire"
"W92000004","W99999999","W06000010",7984,-4.1687127244489,51.8229019183367,"Wales","(pseudo) Wales","Carmarthenshire"
"W92000004","W99999999","W06000011",8541,-3.97854495913827,51.6419706303711,"Wales","(pseudo) Wales","Swansea"
"W92000004","W99999999","W06000012",4603,-3.78648325092331,51.6600363154464,"Wales","(pseudo) Wales","Neath Port Talbot"
"W92000004","W99999999","W06000013",4252,-3.60513010489182,51.5314088675917,"Wales","(pseudo) Wales","Bridgend"
"W92000004","W99999999","W06000014",6619,-3.29375435322556,51.4244063530745,"Wales","(pseudo) Wales","Vale of Glamorgan"
"W92000004","W99999999","W06000015",17992,-3.18530781930858,51.4984200465207,"Wales","(pseudo) Wales","Cardiff"
"W92000004","W99999999","W06000016",7219,-3.40538247222607,51.6166814945283,"Wales","(pseudo) Wales","Rhondda Cynon Taf"
"W92000004","W99999999","W06000018",9117,-3.20439271372162,51.645710932763,"Wales","(pseudo) Wales","Caerphilly"
"W92000004","W99999999","W06000019",4042,-3.19176474146462,51.7676082147452,"Wales","(pseudo) Wales","Blaenau Gwent"
"W92000004","W99999999","W06000020",4220,-3.03593971184834,51.6758393582938,"Wales","(pseudo) Wales","Torfaen"
"W92000004","W99999999","W06000021",6279,-2.81867571985985,51.7166811492276,"Wales","(pseudo) Wales","Monmouthshire"
"W92000004","W99999999","W06000022",10743,-2.99086480936424,51.5881349229266,"Wales","(pseudo) Wales","Newport"
"W92000004","W99999999","W06000023",7009,-3.34666341632187,52.3392191468112,"Wales","(pseudo) Wales","Powys"
"W92000004","W99999999","W06000024",1983,-3.36324072314675,51.7350069016641,"Wales","(pseudo) Wales","Merthyr Tydfil"
NA,NA,NA,10608,0,99.999999,NA,NA,NA
